,0,1,2,3,4,5,6,7,8,9,10,11,12,13,14,15,16,17,18,19,20,21,22,23,24,25,26,27,28,29,30,31,32,33,34,35,36,37,38,39,40,41,42,43,44,45,46,47,48,49,50,51,52,53,54,55,56,57,58,59,60,61,62,63,64,65,66,67,68,69,70,71,72,73,74,75,76,77,78,79,80,81,82,83,84,85,86,87,88,89,90,91,92,93,94,95,96,97,98,99,100
R_GnRH_a,0.00928,0.00925426,0.00920836,0.00914601,0.00908026,0.00902531,0.00898898,0.00897104,0.00896567,0.00896566,0.00896546,0.00896118,0.008948,0.00891152,0.00854015,0.00839442,0.00866248,0.00889206,0.00904386,0.00913707,0.00919358,0.00922836,0.00925059,0.00926545,0.00927569,0.00928274,0.00928687,0.00928693,0.00927956,0.00925883,0.00921878,0.00916006,0.0090935,0.00903384,0.00899121,0.0089681,0.00896027,0.00896008,0.00896091,0.00895834,0.00894803,0.00891934,0.00873547,0.00832683,0.00860115,0.00884601,0.00901348,0.00911708,0.00917989,0.00921835,0.00924273,0.0092589,0.00927,0.00927769,0.00928252,0.00928369,0.00927838,0.00926116,0.00922561,0.00917035,0.00910425,0.00904204,0.00899532,0.00896822,0.00895775,0.0089566,0.00895766,0.00895612,0.00894791,0.00892478,0.00883607,0.00826978,0.00854325,0.00879906,0.00898237,0.00909691,0.00916647,0.0092089,0.00923558,0.00925312,0.0092651,0.00927343,0.00927887,0.00928095,0.00927733,0.00926308,0.00923165,0.00918004,0.00911506,0.009051,0.00900064,0.00896967,0.00895639,0.00895401,0.00895507,0.00895434,0.0089478,0.00892874,0.00886681,0.00825121,0.00849005
R_GnRH_i,0.0009409,0.000948851,0.000961568,0.000978067,0.000995007,0.00100879,0.0010175,0.00102129,0.00102175,0.0010208,0.00101989,0.00102,0.00102227,0.00103008,0.00111442,0.00115695,0.00108431,0.00102322,0.000983589,0.000960108,0.00094673,0.000939321,0.000935351,0.000933391,0.000932667,0.000932777,0.000933612,0.000935426,0.000939006,0.000945763,0.000957109,0.000972812,0.000990085,0.00100518,0.00101558,0.00102074,0.00102186,0.00102096,0.00101979,0.00101948,0.00102107,0.00102706,0.00106593,0.00117397,0.00109923,0.00103393,0.000989981,0.000963652,0.000948551,0.000940143,0.000935599,0.000933296,0.000932356,0.00093231,0.000932986,0.000934545,0.000937646,0.000943578,0.00095387,0.000968791,0.00098605,0.0010019,0.00101342,0.00101965,0.00102148,0.00102084,0.00101963,0.00101907,0.00102016,0.00102483,0.0010444,0.00118791,0.00111361,0.00104524,0.000996941,0.000967603,0.000950655,0.000941166,0.000936002,0.000933336,0.00093217,0.000931968,0.0009325,0.000933849,0.000936558,0.00094179,0.000951111,0.000965193,0.000982262,0.000998671,0.0010112,0.00101848,0.00102106,0.00102076,0.00101955,0.0010188,0.00101948,0.0010232,0.00103692,0.0011888,0.00112707
GnRH_R_i,1.294e-05,2.36018e-05,4.10909e-05,6.39441e-05,8.74595e-05,0.000106637,0.000118836,0.0001243,0.000125224,0.000124254,0.000123377,0.000123964,0.000127662,0.000139448,0.000268449,0.000315542,0.000216115,0.000132526,7.82142e-05,4.5744e-05,2.69182e-05,1.61498e-05,1.00254e-05,6.62175e-06,4.90231e-06,4.33108e-06,4.77966e-06,6.63164e-06,1.10324e-05,2.00046e-05,3.55402e-05,5.72622e-05,8.1228e-05,0.000102218,0.00011674,0.000124078,0.000125886,0.000124971,0.000123727,0.000123712,0.000126423,0.00013552,0.000198219,0.000339325,0.000237146,0.000147713,8.75507e-05,5.12287e-05,3.00731e-05,1.79512e-05,1.10459e-05,7.17383e-06,5.15454e-06,4.36282e-06,4.57992e-06,6.06177e-06,9.76589e-06,1.75499e-05,3.15772e-05,5.21867e-05,7.61187e-05,9.8132e-05,0.000114197,0.000123003,0.00012577,0.000125205,0.000123884,0.000123511,0.000125498,0.000132673,0.000162548,0.000359719,0.000257353,0.000163613,9.75261e-05,5.71339e-05,3.34806e-05,1.98974e-05,1.21518e-05,7.78326e-06,5.45241e-06,4.44253e-06,4.45261e-06,5.629e-06,8.76413e-06,1.55385e-05,2.81759e-05,4.75926e-05,7.12464e-05,9.40289e-05,0.000111476,0.00012171,0.0001255,0.00012538,0.000124061,0.000123408,0.000124815,0.000130587,0.000151234,0.000366507,0.000276169
GnRH,0.00326,0.00597121,0.0104207,0.0162654,0.0223254,0.027303,0.0304797,0.0318973,0.0321292,0.0318747,0.0316567,0.0318388,0.032871,0.0361619,0.0750774,0.0856208,0.0566316,0.0337605,0.0195794,0.0113339,0.0066311,0.00396649,0.00245968,0.00162614,0.00120785,0.00107285,0.00119169,0.00166395,0.00278173,0.00505985,0.00901077,0.0145594,0.0207257,0.0261688,0.0299529,0.0318617,0.0323216,0.0320771,0.0317588,0.0317785,0.0325415,0.0350759,0.0545104,0.0928545,0.062637,0.0378339,0.0219918,0.0127203,0.0074185,0.00441284,0.0027114,0.00176175,0.00126936,0.00107975,0.00114071,0.00151963,0.00246118,0.00443824,0.00800498,0.013265,0.0194144,0.0251159,0.029301,0.0315951,0.0323058,0.0321504,0.0318091,0.0317309,0.0322961,0.0342931,0.0429902,0.099355,0.0685011,0.0421427,0.0245844,0.0142179,0.00827037,0.00489545,0.00298429,0.00191152,0.00134214,0.00109856,0.00110786,0.00140981,0.00220737,0.00392852,0.00714153,0.0120936,0.0181638,0.024057,0.0285995,0.0312682,0.0322471,0.032206,0.0318625,0.0317077,0.0321147,0.0337217,0.0395797,0.102673,0.0740316
LH_bld,2.667,2.70531,2.74863,2.86323,3.22452,3.95469,4.79276,5.33248,5.49606,5.47975,5.47614,5.617,6.09995,7.83752,79.5444,93.8633,30.5255,5.40848,2.83586,2.65172,2.64151,2.6431,2.64468,2.64537,2.64683,2.65103,2.65931,2.67277,2.69235,2.71882,2.7559,2.83862,3.11207,3.76228,4.65125,5.33018,5.57893,5.56466,5.52268,5.60401,5.97358,7.23784,30.1869,107.593,42.9111,7.40166,2.99513,2.66925,2.64918,2.65017,2.65194,2.65271,2.65378,2.65721,2.66446,2.67668,2.69484,2.7197,2.75348,2.81908,3.0327,3.59751,4.47011,5.22826,5.5642,5.58389,5.53308,5.57867,5.86748,6.82722,13.4278,118.641,56.2172,10.5107,3.25259,2.69171,2.65506,2.65495,2.6568,2.65773,2.65852,2.66132,2.66769,2.6788,2.69568,2.7191,2.75052,2.8048,2.97216,3.45494,4.2906,5.10782,5.53149,5.59475,5.54294,5.56068,5.78709,6.54372,10.3022,124.891,69.0415
AF3,0.504,0.549277,0.605456,0.676794,0.771948,0.912903,1.15196,1.549,2.10724,2.78496,3.55285,4.4152,5.42338,6.76146,1.6844,0.0431402,0.0900818,0.19412,0.214482,0.230921,0.246848,0.262964,0.27959,0.296927,0.315224,0.334916,0.356782,0.382075,0.412483,0.44985,0.496175,0.554827,0.632884,0.747955,0.947635,1.30488,1.84388,2.52021,3.2912,4.15149,5.14078,6.40295,6.08711,0.0565992,0.0642639,0.18625,0.210991,0.227758,0.243751,0.259819,0.276339,0.293521,0.31159,0.330926,0.352217,0.376609,0.405714,0.441373,0.48551,0.541033,0.613971,0.718495,0.894191,1.2132,1.71636,2.36877,3.12223,3.96301,4.9198,6.10308,7.74534,0.100331,0.0496407,0.172987,0.207306,0.224475,0.24055,0.256583,0.273016,0.290075,0.30797,0.327042,0.347905,0.371605,0.399674,0.433935,0.47627,0.529249,0.598083,0.694461,0.851034,1.13602,1.6036,2.23134,2.96792,3.7918,4.72255,5.84718,7.46116,0.222407,0.0428999
FSH_bld,4.1,4.83849,5.68791,6.66517,7.64701,8.29977,8.4217,8.09037,7.52143,6.90596,6.34828,5.89266,5.57468,5.52252,8.62459,7.68688,5.46543,4.4751,3.71457,3.22478,2.98591,2.86193,2.78802,2.75119,2.76373,2.85551,3.07152,3.45787,4.02844,4.74475,5.5609,6.50048,7.51507,8.30105,8.57924,8.3449,7.79385,7.14901,6.54833,6.04942,5.68469,5.54359,7.08952,8.44885,5.82954,4.67989,3.87123,3.30688,3.02458,2.88233,2.79865,2.75218,2.7507,2.82029,3.00309,3.34739,3.87764,4.56608,5.36064,6.26898,7.28427,8.14909,8.54687,8.41155,7.91003,7.27236,6.65765,6.13644,5.74174,5.53903,6.04276,9.12238,6.20896,4.86426,4.02542,3.39713,3.06917,2.9079,2.81556,2.76177,2.74986,2.80249,2.95885,3.26771,3.76121,4.42212,5.19717,6.07762,7.08204,8.0058,8.512,8.47558,8.02892,7.40292,6.77617,6.2338,5.81189,5.56158,5.77838,9.65703,6.65285
AF4,1.604e-05,1.80873e-05,2.09979e-05,2.68372e-05,4.61055e-05,0.000111501,0.000272583,0.000524944,0.000790545,0.00103562,0.00131774,0.0017757,0.00283392,0.00762006,0.177666,0.00510142,0.00265594,7.92401e-05,9.31213e-06,7.29201e-06,7.5985e-06,8.12737e-06,8.69032e-06,9.26489e-06,9.86254e-06,1.05145e-05,1.12658e-05,1.21955e-05,1.3426e-05,1.5093e-05,1.73996e-05,2.14194e-05,3.33982e-05,7.66516e-05,0.000202116,0.00044065,0.000725565,0.000984995,0.00125493,0.00165781,0.0025148,0.00568001,0.180827,0.00744237,0.00322596,0.000196613,1.14576e-05,7.42524e-06,7.58606e-06,8.10351e-06,8.66956e-06,9.24843e-06,9.84542e-06,1.04888e-05,1.12199e-05,1.21083e-05,1.327e-05,1.48421e-05,1.69937e-05,2.0439e-05,2.96446e-05,6.29522e-05,0.000166501,0.000384027,0.000669181,0.00093607,0.00119792,0.00155998,0.00227398,0.00452923,0.0386883,0.0141549,0.00353402,0.000486376,1.54172e-05,7.62745e-06,7.55491e-06,8.05046e-06,8.6161e-06,9.19734e-06,9.79355e-06,1.04298e-05,1.11447e-05,1.20006e-05,1.3105e-05,1.45949e-05,1.66226e-05,1.96805e-05,2.69624e-05,5.28127e-05,0.000137649,0.000332558,0.000612907,0.000887132,0.00114539,0.00147742,0.0020893,0.00380637,0.0184584,0.0325502,0.00382958
InhB,52.18,57.4437,63.7179,70.8383,78.5735,86.5632,94.3793,101.684,108.375,114.511,120.123,125.13,129.234,131.16,86.9393,143.129,99.1461,57.7897,36.5541,28.4157,26.8513,28.2064,30.7425,33.7128,36.8415,40.0826,43.5274,47.3721,51.8721,57.23,63.4837,70.5326,78.209,86.2178,94.1462,101.603,108.414,114.636,120.337,125.469,129.796,132.428,116.585,143.134,110.469,64.8068,39.7454,29.48,26.9186,27.8501,30.221,33.1301,36.229,39.4339,42.8097,46.5318,50.8503,55.9934,62.0413,68.9161,76.466,84.4277,92.4035,99.9793,106.921,113.253,119.056,124.31,128.832,131.972,128.045,134.654,121.182,72.343,43.3414,30.7421,27.0576,27.5057,29.6891,32.535,35.6143,38.8028,42.1402,45.7814,49.9667,54.9387,60.8128,67.5352,74.9669,82.8748,90.8822,98.5651,105.638,112.083,117.987,123.355,128.044,131.556,130.73,118.58,130.549
LH_Pit,261119.0,263825.0,267158.0,271034.0,275284.0,279648.0,283907.0,288032.0,292129.0,296281.0,300492.0,304709.0,308818.0,312535.0,313226.0,279486.0,260255.0,257158.0,257244.0,257417.0,257656.0,257892.0,258049.0,258115.0,258257.0,258662.0,259459.0,260752.0,262630.0,265145.0,268294.0,272017.0,276170.0,280511.0,284783.0,288893.0,292938.0,297032.0,301201.0,305402.0,309533.0,313369.0,316693.0,287479.0,263307.0,258008.0,257929.0,258091.0,258320.0,258564.0,258743.0,258817.0,258920.0,259252.0,259951.0,261125.0,262867.0,265238.0,268250.0,271855.0,275929.0,280251.0,284550.0,288688.0,292732.0,296806.0,300958.0,305154.0,309308.0,313234.0,316528.0,295635.0,266900.0,258785.0,258400.0,258556.0,258768.0,259013.0,259208.0,259296.0,259374.0,259645.0,260258.0,261326.0,262945.0,265185.0,268068.0,271558.0,275550.0,279843.0,284162.0,288331.0,292383.0,296443.0,300579.0,304770.0,308939.0,312931.0,316288.0,303423.0,270932.0
Lut1,2.762e-05,1.17688e-05,4.98154e-06,2.09652e-06,8.77788e-07,3.65715e-07,1.51658e-07,6.2636e-08,2.57853e-08,1.05873e-08,4.33716e-09,1.77294e-09,7.23148e-10,2.94157e-10,0.00153716,0.0810869,0.119185,0.100051,0.0654092,0.0373564,0.0196457,0.00977731,0.00467872,0.00217446,0.000988139,0.000441146,0.000194151,8.44512e-05,3.63778e-05,1.55417e-05,6.59361e-06,2.78051e-06,1.16627e-06,4.86736e-07,2.02156e-07,8.35981e-08,3.44494e-08,1.41569e-08,5.80411e-09,2.37443e-09,9.69249e-10,3.94648e-10,7.26697e-08,0.0639939,0.117586,0.106822,0.0726525,0.0424414,0.0226437,0.0113817,0.00548587,0.0025635,0.00116987,0.000524045,0.000231268,0.000100824,4.35126e-05,1.86197e-05,7.91027e-06,3.33972e-06,1.40234e-06,5.85864e-07,2.43568e-07,1.00809e-07,4.15693e-08,1.70919e-08,7.01072e-09,2.86934e-09,1.17182e-09,4.77414e-10,1.93667e-10,0.0451719,0.112827,0.112191,0.0797165,0.047718,0.0258506,0.0131292,0.00637559,0.00299601,0.0013732,0.000617247,0.000273159,0.00011936,5.16108e-05,2.21207e-05,9.41057e-06,3.97789e-06,1.67209e-06,6.99265e-07,2.90997e-07,1.20542e-07,4.97408e-08,2.04629e-08,8.39737e-09,3.43838e-09,1.40484e-09,5.72654e-10,2.32615e-10,0.0273714,0.10567
Lut3,0.00334,0.00196312,0.00114035,0.000655901,0.000374083,0.000211777,0.00011911,6.66187e-05,3.7091e-05,2.05746e-05,1.13773e-05,6.27428e-06,3.4515e-06,1.89372e-06,3.69789e-06,0.0111848,0.0479474,0.0877445,0.111499,0.113434,0.0995426,0.0787772,0.0578279,0.0401169,0.0266433,0.017098,0.0106754,0.00651859,0.00390846,0.0023084,0.00134637,0.000777046,0.000444476,0.000252273,0.0001422,7.96789e-05,4.44284e-05,2.46751e-05,1.36593e-05,7.53989e-06,4.1513e-06,2.27975e-06,1.2453e-06,0.00628921,0.0395991,0.0806903,0.108803,0.115022,0.103617,0.0835492,0.0621849,0.043596,0.0291921,0.0188559,0.0118347,0.00725739,0.00436673,0.00258657,0.00151229,0.000874589,0.000501148,0.000284878,0.000160799,9.02048e-05,5.03448e-05,2.79824e-05,1.55001e-05,8.56084e-06,4.71589e-06,2.59127e-06,1.41874e-06,0.00272229,0.0313782,0.0727654,0.104728,0.115365,0.106848,0.0878578,0.0663376,0.0470153,0.0317479,0.0206436,0.0130261,0.00802273,0.00484446,0.00287803,0.00168683,0.000977552,0.000561133,0.000319469,0.00018057,0.000101415,5.66557e-05,3.15146e-05,1.7468e-05,9.6532e-06,5.32037e-06,2.92495e-06,1.60308e-06,0.000805392,0.0242331
OvF,7.652e-19,1.02809e-18,1.5443900000000001e-18,3.06201e-18,8.77871e-18,3.75598e-17,1.73882e-16,8.41278e-16,5.57993e-15,5.40747e-14,7.29496e-13,1.50618e-11,7.29236e-10,4.75214e-07,0.135359,7.8825e-07,3.94216e-12,1.08545e-16,6.448530000000001e-19,2.19693e-19,1.4681400000000001e-19,1.17816e-19,1.03561e-19,9.586939999999999e-20,9.318589999999999e-20,9.708439999999999e-20,1.11198e-19,1.39534e-19,1.8123700000000001e-19,2.3328800000000003e-19,3.26166e-19,5.901700000000001e-19,1.4995700000000001e-18,5.94842e-18,2.88173e-17,1.47351e-16,1.06855e-15,1.21653e-14,1.92039e-13,4.30039e-12,1.91143e-10,5.967e-08,0.0171125,9.95824e-06,4.97963e-11,6.57835e-16,1.0857900000000001e-18,2.4855600000000003e-19,1.55915e-19,1.21694e-19,1.05312e-19,9.641479999999999e-20,9.24795e-20,9.45395e-20,1.05812e-19,1.30581e-19,1.69609e-19,2.18801e-19,2.96009e-19,5.02953e-19,1.17371e-18,4.25164e-18,2.0337e-17,1.01344e-16,6.72116e-16,7.09931e-15,1.06443e-13,2.20632e-12,8.15504e-11,1.37129e-08,0.00121993,0.00011871,5.93613e-10,4.41782e-15,2.3183100000000003e-18,2.93311e-19,1.69152e-19,1.28132e-19,1.09195e-19,9.906739999999999e-20,9.409459999999999e-20,9.47777e-20,1.0396100000000001e-19,1.25959e-19,1.62713e-19,2.10177e-19,2.77751e-19,4.45534e-19,9.6702e-19,3.18928e-18,1.48437e-17,7.28492e-17,4.44911e-16,4.321e-15,6.13248e-14,1.18981e-12,3.81108e-11,4.15698e-09,6.9369e-05,0.00118804,5.94082e-09
P4,2.41,1.67491,1.1659,0.82145,0.592717,0.443192,0.346754,0.2853,0.246556,0.222354,0.207351,0.198111,0.192452,0.189003,0.186898,0.375033,2.10084,5.72779,10.217,13.9324,15.803,15.7199,14.1979,11.9216,9.46418,7.19298,5.28554,3.78645,2.66479,1.85681,1.2921,0.906966,0.649557,0.48037,0.370734,0.300575,0.256182,0.228365,0.211077,0.200406,0.193857,0.18986,0.187426,0.261507,1.59185,4.88907,9.34424,13.3481,15.643,15.9342,14.6485,12.4672,10.0013,7.66327,5.66637,4.07793,2.87854,2.00836,1.39668,0.977545,0.696323,0.510886,0.390386,0.31308,0.264055,0.233278,0.21412,0.202278,0.195004,0.190558,0.187851,0.206134,1.15535,4.07746,8.41315,12.6354,15.3312,16.011,14.9936,12.9411,10.4945,8.10913,6.03519,4.36456,3.09114,2.16045,1.50238,1.0493,0.744092,0.542181,0.410608,0.325988,0.272204,0.238374,0.217282,0.204228,0.196198,0.191287,0.188295,0.189511,0.829599
R_FSH_des,1.497,1.6911,1.89294,2.10252,2.29291,2.41027,2.43255,2.37641,2.27426,2.15635,2.04243,1.94389,1.87172,1.85793,2.44914,2.31203,1.85111,1.60601,1.39774,1.25129,1.17618,1.13635,1.11231,1.1001,1.10378,1.13276,1.20016,1.31658,1.47891,1.66764,1.8641,2.06875,2.26824,2.41005,2.45871,2.42029,2.32412,2.20392,2.08413,1.97837,1.89697,1.86343,2.16413,2.4458,1.93493,1.65888,1.44248,1.27657,1.1885,1.14296,1.11581,1.1005,1.09966,1.12161,1.17896,1.28382,1.43708,1.62205,1.81761,2.02025,2.22461,2.38342,2.45298,2.43143,2.34488,2.22756,2.10652,1.99726,1.90998,1.86281,1.96723,2.55497,2.01887,1.70543,1.48552,1.304,1.20262,1.15118,1.12131,1.10367,1.09947,1.116,1.1652,1.25995,1.40427,1.58462,1.77886,1.97926,2.18557,2.35796,2.44682,2.44205,2.36586,2.25224,2.13049,2.01815,1.9258,1.8683,1.91344,2.63335,2.11222
R_Foll,0.119,0.148384,0.207575,0.336054,0.519966,0.72651,0.940204,1.15595,1.37196,1.58738,1.80149,2.01369,2.22364,2.43201,2.64381,2.86015,1.9126,0.617058,0.257858,0.145084,0.101248,0.081751,0.0719497,0.0667015,0.0648857,0.0674204,0.0764801,0.093793,0.116907,0.142468,0.187208,0.294059,0.465838,0.668216,0.880701,1.09619,1.31234,1.52812,1.74282,1.95581,2.16663,2.37561,2.58606,2.80325,2.35867,0.759505,0.298923,0.159992,0.107671,0.0847774,0.0734796,0.0673597,0.0646905,0.066028,0.0733467,0.0887971,0.111146,0.136042,0.17348,0.2643,0.424901,0.623091,0.834276,1.04939,1.26549,1.48139,1.69635,1.90971,2.12096,2.33018,2.53961,2.75615,2.74094,0.951024,0.35207,0.177913,0.115129,0.0883306,0.0754434,0.0685281,0.0651853,0.065609,0.071539,0.0852833,0.106576,0.130946,0.163351,0.239933,0.388429,0.581694,0.791327,1.00599,1.22201,1.43802,1.65323,1.86696,2.07867,2.28826,2.49729,2.71263,2.87748
AF1,2.26,2.45161,2.54555,2.55022,2.49349,2.42287,2.38095,2.38051,2.41197,2.45869,2.50635,2.54619,2.57438,2.59001,2.54119,2.38916,2.49584,2.56174,2.54947,2.46986,2.36906,2.27957,2.2087,2.15618,2.12414,2.12041,2.15815,2.24753,2.37538,2.49601,2.56351,2.56356,2.50749,2.43068,2.37653,2.36482,2.39035,2.4367,2.48755,2.53202,2.56493,2.58478,2.57666,2.37727,2.46667,2.55211,2.55888,2.49128,2.39111,2.29762,2.22217,2.16504,2.12741,2.11578,2.14252,2.22008,2.34268,2.47055,2.55346,2.56921,2.52407,2.44823,2.38659,2.36549,2.38409,2.4273,2.47809,2.52427,2.5596,2.58206,2.58719,2.39115,2.44172,2.54114,2.56418,2.50978,2.4124,2.31623,2.23725,2.17667,2.13498,2.11745,2.13541,2.20226,2.31765,2.44829,2.54256,2.57155,2.53689,2.46361,2.39608,2.36621,2.37779,2.41748,2.46789,2.51564,2.55339,2.57844,2.58862,2.42325,2.41753
R_LH_des,0.699,0.706168,0.716175,0.742215,0.823225,0.982084,1.15603,1.26374,1.29614,1.29325,1.2923,1.31843,1.40679,1.70069,5.23499,5.45778,3.88717,1.30316,0.73904,0.693899,0.691345,0.691709,0.692085,0.692248,0.692583,0.693556,0.695481,0.698617,0.70318,0.709341,0.717923,0.736759,0.79823,0.940835,1.12704,1.26286,1.31179,1.30952,1.30134,1.31621,1.38406,1.60342,3.72937,5.59869,4.43008,1.67039,0.777412,0.698142,0.693156,0.693372,0.69379,0.693975,0.694219,0.695011,0.696696,0.699539,0.703767,0.709554,0.717386,0.732371,0.780502,0.905215,1.08991,1.24276,1.30879,1.31314,1.3034,1.31156,1.36476,1.53438,2.44119,5.69201,4.82466,2.1519,0.838432,0.703619,0.694553,0.694495,0.694932,0.695153,0.695336,0.695981,0.697458,0.700042,0.703969,0.709421,0.716714,0.729151,0.766936,0.874122,1.05271,1.2189,1.30233,1.31514,1.30533,1.30827,1.35004,1.4855,2.06176,5.73693,5.09778
Sc1,1.098e-08,3.23967e-09,9.55876e-10,2.82035e-10,8.32154e-11,2.4553e-11,7.24442e-12,2.13748e-12,6.3067e-13,1.86081e-13,5.49037e-14,1.61995e-14,4.7797e-15,1.41026e-15,0.210896,0.129259,0.0381383,0.0112528,0.00332017,0.000979626,0.000289041,8.52817e-05,2.51626e-05,7.42432e-06,2.19058e-06,6.46339e-07,1.90705e-07,5.62683e-08,1.66022e-08,4.89855e-09,1.44534e-09,4.26454e-10,1.25827e-10,3.71256e-11,1.0954e-11,3.23201e-12,9.53613e-13,2.81366e-13,8.30178e-14,2.44946e-14,7.2272e-15,2.13241e-15,0.00144515,0.167114,0.0493074,0.0145483,0.00429251,0.00126652,0.000373689,0.000110258,3.25319e-05,9.59863e-06,2.83212e-06,8.35628e-07,2.46556e-07,7.27473e-08,2.14644e-08,6.33317e-09,1.86863e-09,5.51347e-10,1.62677e-10,4.79984e-11,1.4162e-11,4.17855e-12,1.23289e-12,3.63768e-13,1.07331e-13,3.16683e-14,9.3438e-15,2.75691e-15,7.80268e-15,0.213977,0.0631346,0.018628,0.00549625,0.00162168,0.000478482,0.000141178,4.1655e-05,1.22905e-05,3.62635e-06,1.06997e-06,3.15698e-07,9.3148e-08,2.74837e-08,8.10916e-09,2.39264e-09,7.05957e-10,2.08295e-10,6.14583e-11,1.81335e-11,5.35034e-12,1.57863e-12,4.65779e-13,1.37429e-13,4.05489e-14,1.19641e-14,3.53003e-15,1.04155e-15,0.269382,0.0794819
InhA_delay,86.84,74.8761,64.3915,55.3558,47.6661,41.1843,35.7646,31.275,27.613,24.7019,22.4825,20.9207,20.044,20.0946,24.2873,40.5195,61.8571,89.4461,117.229,140.303,155.818,162.841,162.04,155.058,143.872,130.333,115.929,101.728,88.4088,76.3471,65.6967,56.4663,48.5775,41.9062,36.3119,31.6612,27.8473,24.793,22.4392,20.7463,19.7233,19.5359,21.6763,36.6755,56.5943,83.5046,111.885,136.362,153.672,162.498,163.226,157.359,146.858,133.634,119.266,104.912,91.3291,78.9495,67.9676,58.4169,50.2333,43.2988,37.4742,32.6221,28.6289,25.4118,22.9085,21.0741,19.9033,19.51,20.7106,33.2974,51.891,77.6693,106.235,131.81,150.728,161.287,163.561,158.884,149.169,136.367,122.134,107.714,93.9396,81.3025,70.0379,60.2064,51.7595,44.5875,38.5533,33.5177,29.3609,25.9947,23.3538,21.3893,20.0851,19.5197,20.2194,30.1108,47.8477
FSH_pit,48627.2,55608.6,60646.0,62353.0,61351.9,58699.9,55212.2,51458.5,47780.7,44330.5,41140.5,38185.7,35412.4,32725.2,29190.0,24008.9,22942.8,28220.4,32994.3,34592.5,34655.8,34204.2,33682.9,33373.2,33567.2,34664.6,37195.9,41649.3,47991.5,55123.9,60827.1,63299.4,62786.7,60358.5,56899.6,53049.0,49218.5,45611.3,42282.7,39213.0,36349.8,33607.2,30504.9,25109.7,22656.3,27045.0,32382.4,34482.3,34722.4,34310.6,33761.4,33367.9,33407.3,34248.3,36397.4,40384.4,46346.4,53454.8,59676.5,62900.2,62954.6,60868.7,57584.1,53788.9,49943.1,46290.9,42912.4,39799.3,36904.6,34152.3,31313.8,26086.3,22591.2,25821.6,31568.4,34289.5,34781.2,34450.0,33904.4,33460.6,33389.6,34035.9,35879.9,39468.8,45063.5,52066.0,58662.0,62568.8,63183.1,61439.9,58331.4,54593.1,50730.1,47027.0,43590.9,40425.7,37490.0,34714.6,31947.2,27117.8,22905.3
E2,45.0,37.8029,33.3712,31.0565,30.5643,31.9591,35.3415,40.5942,47.17,54.5041,62.724,72.8346,87.6934,120.381,430.802,59.4233,77.6249,110.458,148.776,181.079,196.159,192.156,173.826,148.05,120.762,95.8168,75.0846,59.0351,47.3409,39.3219,34.2114,31.3287,30.2574,30.9598,33.6174,38.3788,44.8757,52.2962,60.4594,70.1606,83.6818,109.944,316.723,77.1027,70.9934,103.829,141.411,176.243,195.361,195.041,179.053,154.179,126.715,100.979,79.2187,62.1427,49.5449,40.789,35.1089,31.7901,30.343,30.6521,32.8751,37.1976,43.4051,50.6926,58.6824,67.9655,80.3845,102.323,194.01,123.797,64.5537,97.1491,133.341,170.02,192.929,196.435,183.129,159.52,132.183,105.874,83.2273,65.2106,51.7585,42.2929,36.0572,32.3143,30.514,30.4636,32.2871,36.1865,42.0778,49.2193,57.0692,66.0277,77.6161,96.6619,156.412,211.358,59.6324
PrF,0.244,0.24407,0.244176,0.244378,0.244895,0.246774,0.254254,0.276966,0.325046,0.40356,0.518281,0.687811,0.972742,1.68565,2.74831,0.0586878,0.134586,0.209833,0.210326,0.210371,0.210397,0.210418,0.210437,0.210455,0.210474,0.210494,0.210517,0.210547,0.210588,0.210645,0.210727,0.210872,0.211211,0.212351,0.217155,0.234072,0.275006,0.346771,0.453547,0.609312,0.860335,1.41131,7.78655,0.076555,0.0965785,0.208392,0.209889,0.209946,0.209974,0.209996,0.210016,0.210034,0.210053,0.210073,0.210095,0.210124,0.210162,0.210216,0.210291,0.210418,0.210695,0.211555,0.215118,0.228506,0.263673,0.328933,0.428166,0.572175,0.797147,1.24599,3.71902,0.136286,0.0726487,0.204826,0.209842,0.209922,0.209953,0.209976,0.209996,0.210015,0.210034,0.210053,0.210075,0.210103,0.210139,0.21019,0.210261,0.210373,0.210607,0.211275,0.21395,0.224503,0.25446,0.313498,0.405747,0.539654,0.744133,1.12497,2.57526,0.303981,0.0608028
GnRH_R_a,1.447e-05,2.64032e-05,4.58557e-05,7.11052e-05,9.69144e-05,0.000117824,0.00013102,0.000136851,0.000137769,0.000136678,0.000135739,0.000136451,0.000140659,0.000154084,0.00030605,0.000343927,0.00023479,0.000143694,8.47599e-05,4.95709e-05,2.91809e-05,1.75203e-05,1.089e-05,7.21014e-06,5.36013e-06,4.76306e-06,5.29104e-06,7.38539e-06,1.23341e-05,2.23841e-05,3.96944e-05,6.37412e-05,9.00964e-05,0.000113031,0.000128783,0.00013665,0.000138509,0.000137461,0.000136109,0.000136151,0.000139252,0.000149597,0.000227172,0.000369977,0.000257839,0.000160195,9.48833e-05,5.55128e-05,3.25976e-05,1.94709e-05,1.19945e-05,7.80619e-06,5.63e-06,4.79149e-06,5.06275e-06,6.74292e-06,1.09118e-05,1.9639e-05,3.52886e-05,5.8137e-05,8.4492e-05,0.000108578,0.000126034,0.000135507,0.000138401,0.000137721,0.000136275,0.000135914,0.000138202,0.000146353,0.000181502,0.000393123,0.000280065,0.000177489,0.000105703,6.19113e-05,3.62879e-05,2.15784e-05,1.31917e-05,8.46477e-06,5.94993e-06,4.87305e-06,4.91541e-06,6.25419e-06,9.78574e-06,1.73872e-05,3.1502e-05,5.30567e-05,7.914e-05,0.0001041,0.000123087,0.000134124,0.000138128,0.000137919,0.000136464,0.000135788,0.000137425,0.000143983,0.000167761,0.000405137,0.000300778
InhA,1.07,0.854923,0.71374,0.622475,0.564349,0.528235,0.508194,0.503687,0.517093,0.549634,0.602637,0.683088,0.815525,1.11394,4.07535,5.95227,8.7725,10.8431,11.5186,11.0823,9.85881,8.23021,6.53509,4.99787,3.72524,2.7381,2.00888,1.49014,1.13198,0.890573,0.731047,0.627357,0.560946,0.519195,0.494597,0.485197,0.493496,0.521547,0.570046,0.643805,0.761479,1.00056,2.67369,5.61397,8.20988,10.577,11.5205,11.2883,10.1924,8.61111,6.90111,5.31336,3.9773,2.92853,2.14672,1.58661,1.19769,0.934339,0.75965,0.645737,0.572557,0.526316,0.498411,0.485668,0.490005,0.513957,0.558198,0.62613,0.732211,0.932029,1.74744,5.4427,7.59489,10.2061,11.4246,11.4083,10.4595,8.94679,7.23983,5.61428,4.22276,3.1168,2.28459,1.684,1.26455,0.979198,0.789178,0.664865,0.584768,0.533955,0.502804,0.486995,0.487661,0.507658,0.547867,0.610665,0.70741,0.879995,1.41683,5.38226,7.02694
Lut4,0.01385,0.00924071,0.00606642,0.00392774,0.00251269,0.00159049,0.000997304,0.000620225,0.000383007,0.000235089,0.000143533,8.72181e-05,5.2768e-05,3.17886e-05,1.89271e-05,0.00224488,0.0165274,0.0430112,0.0732971,0.0963861,0.106301,0.103432,0.0917451,0.0758416,0.0593409,0.0444416,0.0321244,0.0225551,0.0154582,0.0103817,0.0068537,0.00445883,0.00286438,0.0018198,0.0011448,0.000713943,0.000441936,0.000271824,0.000166268,0.000101201,6.13217e-05,3.69973e-05,2.21772e-05,0.00105336,0.0125698,0.0370834,0.0676133,0.0929675,0.105779,0.105285,0.0949913,0.0795627,0.0628999,0.0474999,0.0345682,0.024407,0.0168056,0.0113311,0.00750546,0.00489683,0.00315358,0.00200794,0.00126563,0.00079065,0.000490131,0.000301845,0.000184834,0.000112613,6.82983e-05,4.12439e-05,2.47811e-05,0.000358157,0.00906998,0.0312445,0.0614222,0.0886217,0.104232,0.106246,0.097573,0.0828423,0.0661936,0.0504143,0.0369437,0.026233,0.0181487,0.0122854,0.0081651,0.0053426,0.00344924,0.00220104,0.00139007,0.000869878,0.00054004,0.000333,0.000204136,0.000124496,7.5573e-05,4.56767e-05,2.74792e-05,8.58282e-05,0.00635748
FSH_R,0.662,0.74767,0.836789,0.929291,1.01296,1.06409,1.07325,1.04803,1.00274,0.950677,0.900485,0.857149,0.825556,0.8202,1.08869,1.01617,0.814596,0.707133,0.61542,0.551401,0.518637,0.501219,0.490699,0.485405,0.487169,0.500188,0.530254,0.58199,0.6539,0.737285,0.824014,0.914386,1.00221,1.06419,1.08497,1.06747,1.02475,0.971636,0.918838,0.872307,0.836614,0.822365,0.966216,1.07518,0.851106,0.730397,0.635044,0.562426,0.524012,0.504106,0.49222,0.485552,0.48531,0.495205,0.520817,0.567456,0.635392,0.717159,0.803488,0.892982,0.983043,1.05259,1.08258,1.07249,1.03395,0.98207,0.9287,0.880608,0.842297,0.821919,0.871333,1.12383,0.88759,0.75086,0.653975,0.574404,0.530174,0.50771,0.494632,0.486931,0.485196,0.492681,0.514675,0.556846,0.620862,0.700625,0.786379,0.874876,0.965869,1.04148,1.08,1.07727,1.04326,0.992969,0.939263,0.889801,0.849231,0.824215,0.845761,1.16049,0.928366
R_LH,8.41,8.40025,8.38645,8.35045,8.23855,8.01963,7.78046,7.63271,7.58844,7.59249,7.59371,7.55754,7.43542,7.02869,2.14758,1.86586,4.03834,7.58649,8.35577,8.41722,8.42069,8.42019,8.41967,8.41945,8.41898,8.41764,8.41499,8.41066,8.40438,8.39589,8.38406,8.35803,8.27307,8.07641,7.8202,7.63377,7.56686,7.57013,7.58132,7.56068,7.46688,7.16346,4.18626,1.67098,3.28821,7.08465,8.30348,8.41142,8.4182,8.4179,8.41733,8.41707,8.41673,8.41564,8.41332,8.4094,8.40357,8.3956,8.38481,8.36411,8.29757,8.12549,7.87125,7.66133,7.57092,7.56514,7.57852,7.56712,7.49356,7.25904,5.99645,1.54163,2.74219,6.42543,8.22034,8.40395,8.41628,8.41635,8.41575,8.41545,8.4152,8.41431,8.41227,8.40871,8.40329,8.39578,8.38574,8.36856,8.31632,8.16836,7.9224,7.69406,7.57973,7.56236,7.57588,7.57169,7.5139,7.32665,6.52732,1.47785,2.36406
AF2,19.92,21.9515,24.3718,27.1178,30.0999,33.1793,36.1908,39.0046,41.5822,43.9458,46.1074,48.0353,49.6145,50.3474,25.6917,0.734071,1.1344,3.18975,5.25044,7.03018,8.6041,10.0471,11.4029,12.7001,13.9667,15.24,16.5776,18.0641,19.8016,21.8691,24.2814,26.9997,29.9594,33.0463,36.1013,38.9736,41.5972,43.994,46.19,48.1663,49.8319,50.8394,44.4409,0.983271,0.883129,2.73537,4.85886,6.69748,8.30939,9.77628,11.1476,12.4538,13.722,14.9865,16.2994,17.7394,19.4071,21.3919,23.7251,26.3764,29.2874,32.3564,35.4298,38.3483,41.0223,43.4613,45.6966,47.7202,49.4608,50.666,49.0984,1.756,0.73824,2.28074,4.44892,6.34536,7.99719,9.49024,10.88,12.1994,13.4751,14.7393,16.0398,17.4494,19.066,20.985,23.2512,25.8439,28.7095,31.7579,34.8437,37.8035,40.528,43.0104,45.2847,47.3525,49.1578,50.5074,50.1639,3.89663,0.677575
Sc2,2.171e-06,8.37349e-07,3.22553e-07,1.2413e-07,4.77342e-08,1.83458e-08,7.04784e-09,2.70664e-09,1.03918e-09,3.98906e-10,1.53103e-10,5.87551e-11,2.2546e-11,8.65093e-12,0.0247511,0.180665,0.122538,0.062714,0.0286922,0.0123741,0.00515032,0.00209477,0.000838707,0.000332103,0.000130457,5.09475e-05,1.98104e-05,7.6781e-06,2.96861e-06,1.14564e-06,4.41502e-07,1.69962e-07,6.53755e-08,2.51308e-08,9.65584e-09,3.70863e-09,1.42402e-09,5.46666e-10,2.09825e-10,8.05261e-11,3.09011e-11,1.18571e-11,1.16531e-05,0.180087,0.137906,0.073209,0.0340755,0.0148396,0.00621428,0.00253778,0.00101894,0.000404277,0.00015904,6.21764e-05,2.41959e-05,9.38345e-06,3.62959e-06,1.40121e-06,5.40132e-07,2.07972e-07,8.00083e-08,3.07593e-08,1.18195e-08,4.53996e-09,1.74332e-09,6.6927e-10,2.56891e-10,9.85915e-11,3.78342e-11,1.45176e-11,5.57036e-12,0.16694,0.152163,0.0843725,0.0400381,0.0176227,0.00742818,0.00304661,0.00122687,0.000487799,0.000192188,7.52197e-05,2.92961e-05,1.13684e-05,4.39945e-06,1.69901e-06,6.55107e-07,2.52294e-07,9.70744e-08,3.7325e-08,1.43437e-08,5.50993e-09,2.11589e-09,8.12337e-10,3.11816e-10,1.19674e-10,4.59253e-11,1.76225e-11,6.76172e-12,0.139467,0.164441
Lut2,0.0003772,0.000188406,9.32511e-05,4.57991e-05,2.23438e-05,1.08354e-05,5.226e-06,2.50885e-06,1.19996e-06,5.72225e-07,2.72202e-07,1.292e-07,6.11969e-08,2.89171e-08,7.94203e-05,0.0368275,0.0920151,0.11562,0.106475,0.0815834,0.0555406,0.0348722,0.0206575,0.0117168,0.00642735,0.00343439,0.00179696,0.000924298,0.000468808,0.000235032,0.000116691,5.74629e-05,2.80987e-05,1.36542e-05,6.59742e-06,3.17191e-06,1.51886e-06,7.24996e-07,3.45162e-07,1.63954e-07,7.77144e-08,3.67527e-08,1.77295e-08,0.0247639,0.0828277,0.114169,0.110628,0.0874796,0.0608111,0.0387439,0.0231981,0.0132648,0.00732244,0.00393224,0.00206572,0.00106603,0.000542162,0.00027242,0.000135509,6.68363e-05,3.27276e-05,1.59236e-05,7.70276e-06,3.70692e-06,1.77641e-06,8.48449e-07,4.04144e-07,1.92059e-07,9.10764e-08,4.30944e-08,2.03165e-08,0.0138844,0.0721639,0.110784,0.113479,0.092814,0.0659575,0.0426698,0.0258336,0.0148956,0.00827586,0.00446692,0.00235623,0.00122001,0.000622173,0.000313336,0.000156159,7.71456e-05,3.78281e-05,1.84283e-05,8.92447e-06,4.29908e-06,2.0618e-06,9.85371e-07,4.69607e-07,2.23271e-07,1.05923e-07,5.01429e-08,2.36659e-08,0.00593286,0.061394
R_FSH,6.341,6.06123,5.77027,5.46819,5.19413,5.02564,4.9942,5.07556,5.22301,5.39298,5.55709,5.69896,5.80272,5.82187,4.96217,5.1718,5.8343,6.18686,6.48684,6.69731,6.80518,6.86243,6.89699,6.91449,6.90905,6.86705,6.76958,6.60143,6.36719,6.09508,5.81189,5.51687,5.22956,5.02576,4.95633,5.01224,5.15113,5.32445,5.49703,5.64932,5.76641,5.81421,5.36965,4.97903,5.71396,6.11073,6.42248,6.66101,6.78748,6.85294,6.89197,6.91395,6.91503,6.88318,6.80022,6.64872,6.42753,6.16079,5.8789,5.58677,5.29234,5.064,4.96444,4.99608,5.12117,5.29037,5.46478,5.62213,5.74772,5.81527,5.66143,4.8212,5.59354,6.04371,6.36051,6.6216,6.76721,6.84111,6.88406,6.9094,6.91533,6.89132,6.82013,6.68321,6.47487,6.21476,5.93476,5.64587,5.34856,5.10056,4.97318,4.98068,5.09088,5.25479,5.43025,5.59204,5.72497,5.80749,5.7408,4.70616,5.45941
LH_R,0.263,0.26558,0.269376,0.279339,0.310222,0.370287,0.435512,0.475555,0.487421,0.48626,0.485986,0.49603,0.529781,0.642619,1.98943,2.04835,1.44649,0.482349,0.277194,0.260878,0.259964,0.260103,0.260243,0.260304,0.260433,0.260803,0.261533,0.262719,0.264443,0.266769,0.270018,0.277216,0.300697,0.354756,0.424752,0.475364,0.493348,0.492351,0.489336,0.495117,0.521062,0.605118,1.45638,2.10233,1.65372,0.616958,0.291105,0.262435,0.260642,0.260729,0.260885,0.260954,0.261047,0.261349,0.261988,0.263064,0.264662,0.266847,0.269808,0.275524,0.29393,0.341292,0.410842,0.467913,0.492286,0.493723,0.490085,0.493318,0.51368,0.578587,0.934357,2.13836,1.80516,0.794677,0.313228,0.264431,0.261163,0.261151,0.261314,0.261396,0.261466,0.261713,0.262273,0.263252,0.264736,0.266795,0.26955,0.274285,0.288743,0.329516,0.396883,0.459044,0.489932,0.494495,0.490794,0.49204,0.508052,0.559846,0.782919,2.15722,1.91016
freq,3.17876,5.42714,8.23057,10.8947,12.8621,14.0795,14.767,15.144,15.3519,15.4689,15.5362,15.5757,15.6004,15.6502,31.2233,14.5763,3.93621,0.673432,0.221982,0.132535,0.113839,0.111731,0.123315,0.163485,0.253784,0.43336,0.784306,1.46034,2.69754,4.71382,7.40951,10.183,12.3743,13.7902,14.6059,15.0554,15.3026,15.4408,15.5199,15.566,15.594,15.6244,30.84,15.275,5.79779,0.909626,0.26268,0.140871,0.115475,0.111052,0.118721,0.150954,0.227979,0.383102,0.686808,1.27508,2.36891,4.20935,6.79505,9.61766,11.9697,13.5449,14.4687,14.9803,15.2611,15.4174,15.5063,15.5581,15.589,15.6138,19.0759,15.5907,8.30322,1.27571,0.32114,0.153123,0.11808,0.111147,0.11586,0.141671,0.207758,0.343096,0.608538,1.12449,2.09547,3.77237,6.23186,9.06722,11.5566,13.2875,14.323,14.9004,15.217,15.3926,15.4921,15.5497,15.5839,15.6077,16.1143,21.8727,10.8259
mass,0.00120799,0.00129309,0.0013753,0.00142992,0.00144274,0.00140755,0.00133543,0.00125386,0.00119161,0.00116102,0.00116285,0.00120381,0.00131868,0.00170183,0.00455803,0.0011582,0.00123479,0.00157327,0.00209415,0.0025404,0.00273809,0.0026865,0.00244237,0.00208395,0.00170691,0.0014011,0.00121754,0.00115798,0.00119048,0.00127067,0.0013576,0.00142303,0.00145095,0.00143241,0.00137,0.00128428,0.00120905,0.0011666,0.00115913,0.0011895,0.00128253,0.00156684,0.00393725,0.0012311,0.00119371,0.0014922,0.00199077,0.00247523,0.00272786,0.00272374,0.00251319,0.00217001,0.00178715,0.00145883,0.00124648,0.00116169,0.00117779,0.00125144,0.00133985,0.00141163,0.00144864,0.00144042,0.00138626,0.00130279,0.00122253,0.00117252,0.00115784,0.00117952,0.00125544,0.00147444,0.00271048,0.00174759,0.00116745,0.00141564,0.00187824,0.00239027,0.00269652,0.00274162,0.00256778,0.00224476,0.00186222,0.00151672,0.00127865,0.00116943,0.0011684,0.00123402,0.00132231,0.00139913,0.00144407,0.00144541,0.00139977,0.00132001,0.00123637,0.00117944,0.00115799,0.00117212,0.00123472,0.0014103,0.0022013,0.00292749,0.00115835
